scenario,max_demand_response_share,total_cost,cost_per_kwh,cost_per_kwh_2038,cost_per_kwh_2048
,0.0,1358123451575.1187,0.07102104060445535,0.0718634949239883,0.07006448751389527
