scenario,max_demand_response_share,total_cost,cost_per_kwh,cost_per_kwh_2038,cost_per_kwh_2048
,0.0,1752020186020.4922,0.09161928293549129,0.08337106623518048,0.10098460636414439
