scenario,max_demand_response_share,total_cost,cost_per_kwh,cost_per_kwh_2038,cost_per_kwh_2048
,0.0,1772812116985.8804,0.09270656595945002,0.08338334608618059,0.10329248685388095
