TIMEPOINTS_1,FuelCostsPerTP
1,195.54299099236619
2,195.54299099236619
3,195.54299099236619
4,195.54299099236619
5,195.54299099236619
6,195.54299099236619
7,177.60936001321053
