PERIODS_1,LocalTDFixedCosts
2020,2033255.1214361144
2030,2139926.758183738
