TRANSMISSION_LINE,PERIOD,trans_lz1,trans_lz2,trans_dbid,trans_length_km,trans_efficiency,trans_derating_factor,TxCapacityNameplate,TxCapacityNameplateAvailable,TotalAnnualCost
N-C,2020,North,Central,N-C,100,0.96,1,5.530086924145385,5.530086924145385,68790.3692108966
N-C,2030,North,Central,N-C,100,0.96,1,5.530086924145385,5.530086924145385,68790.3692108966
C-S,2020,Central,South,C-S,200,0.94,1,11.795367229099734,11.795367229099734,293452.04796876694
C-S,2030,Central,South,C-S,200,0.94,1,11.795367229099734,11.795367229099734,293452.04796876694
