PERIODS_1,TxFixedCosts
2020,362242.41717966355
2030,362242.41717966355
