TRANS_BLD_YRS_1,TRANS_BLD_YRS_2,BuildTx
N-C,2020,2.530086924145385
N-C,2030,0.0
C-S,2020,5.795367229099734
C-S,2030,0.0
