SetProduct_OrderedSet_1,SetProduct_OrderedSet_2,BuildLocalTD
North,2020,0.8357972544878569
North,2030,0.0
Central,2020,0.7238648363252382
Central,2030,0.6335797254487847
South,2020,1.059662090813095
South,2030,0.5279831045406542
