scenario,max_demand_response_share,total_cost,cost_per_kwh,cost_per_kwh_2038,cost_per_kwh_2048
,0.0,1363813433043.3179,0.07131858970017482,0.07165662626568557,0.07093477076309478
